"","name","time","ele","nearest_forest"
"1","HM01",2022-07-04 11:44:51,1190.446045,585.843793841149
"2","HM02",2022-07-04 12:23:46,1191.433228,588.769833765888
"3","HM03",2022-07-04 12:59:46,1191.690552,494.001541792836
"4","HM04",2022-07-04 13:19:10,1188.300659,425.028189591997
"5","HM05",2022-07-04 13:39:38,1181.970459,386.404872770031
"6","HM06",2022-07-04 14:02:12,1175.817505,343.259551034059
"7","HM07",2022-07-04 14:26:17,1174.58252,257.090246744808
"8","HM08",2022-07-04 14:54:26,1163.052734,240.096168349335
"9","FI01",2022-07-05 11:58:31,1056.461426,402.962251450948
"10","FI02",2022-07-05 12:05:13,1064.205078,365.71472109745
"11","FI03",2022-07-05 12:35:34,1070.339111,599.014709809469
"12","FI04",2022-07-05 13:19:04,1053.130005,593.771988221562
"13","FI05",2022-07-05 13:40:20,1019.144592,665.923215283667
"14","FI06",2022-07-05 14:07:44,1010.375671,685.575286647318
"15","FI07",2022-07-05 14:32:29,1026.032959,646.878442996758
"16","FI08",2022-07-05 15:05:50,1010.216064,629.15239760035
"17","HM09",2022-07-06 11:39:08,1145.235352,163.211361274318
"18","HM10",2022-07-06 12:08:42,1127.142944,77.7870982185325
"19","FI09",2022-07-06 13:12:49,1045.948242,212.127641273895
"20","FI10",2022-07-06 14:11:48,968.742981,194.33908027479
